0,aditya_vadrevu
1,Msaisasidhar
2,mathaar
3,deepakntaurian
4,amithteja
5,kushwanthi
7,tejaswy9
8,charan_se
8,srisrujana
8,mahi646
11,MRVSNPARAMESH
12,karanpatel06
12,vishaliyer19
16,devilrao
17,venu210891
21,adullarohith
25,rohithjakati
25,sagarid2000
26,waseemy2jakki
27,amandeepbhabra
27,VemiRajeshreddy
27,abhivudali
28,bharadwa2020
33,sarveshkumar91
38,avrockstar00
49,Suddkatikaneni
57,pranithnaik
59,2391mohit
112,siZHky
165,AkshiBansal94
168,SkylarLucas
227,RiyaSinghi9
234,priyasvsstud
4810157,WholeFoods
 ,
