iamnagarjuna,1
urstrulyMahesh,1
RanbirKapoor4u,6
aamir_khan,6
srisrujana,6
Msaisasidhar,7
amithteja,11
Yana_tweep,13
deepburnsodeep,14
geneliadesouza,14
sachin_rt,15
BeingSalmanKhan,16
akshaykumar,18
karanpatel06,19
virendersehwag,21
peterfacinelli,21
deepakntaurian,24
sandeepsk747,26
Ileana_Official,28
msdhoni,28
DellOutlet,29
udaybhargav,33
SRKOnline,34
matisyahu,37
QueenRania,38
sherlyn_chopra5,46
amandeepbhabra,52
iPoonampandey,57
LaraDutta,61
BoxTVIndia,62
richyricha,63
n2nbroadway,71
realpreityzinta,72
deepikapadukone,72
Actor_Siddharth,74
venu210891,74
devilrao,76
iamsrk,78
yamigautam,83
sonakshisinha,86
Manoj_chandra11,89
IPL,105
KapilSharmaK9,106
shahidkapoor,106
iHrithik,113
geneliad,117
avrockstar00,117
KimKardashian,124
tamannaahspeaks,138
ImZaheer,138
pennjillette,138
chetan_bhagat,142
twitter,144
trishtrashers,150
malyatha,153
cakewrecks,156
bharadwa2020,161
sreesanth36,165
RanaDaggubati,219
FarOutAkhtar,225
brookeburke,227
RannvijaySingha,231
aliaa08,234
ABdeVilliers17,235
VJAnusha,239
YUVSTRONG12,314
goldman,357
petewentz,363
MTVIndia,376
karanjohar,377
BrettLee_58,439
priyankachopra,471
chriscornell,491
glennmcgrath11,516
feliciaday,523
HoeZaay,639
SHAQ,660
priyasvsstud,826
siZHky,845
SrBachchan,995
CarlyW226,1066
Genielia,1148
om,1209
narendramodi,1228
sorayadarabi,6887
SarahBrownUK,13062
AmyJoMartin,27582
ladygaga,131075
Funnyoneliners,237795
