yamigautam,83
tamannaahspeaks,138
KapilSharmaK9,106
aliaa08,234
Ileana_Official,28
karanjohar,377
BeingSalmanKhan,16
narendramodi,1228
BoxTVIndia,62
malyatha,153
glennmcgrath11,516
deepburnsodeep,14
BrettLee_58,439
msdhoni,28
sherlyn_chopra5,46
IPL,105
iPoonampandey,57
Funnyoneliners,237795
amandeepbhabra,52
RanbirKapoor4u,6
trishtrashers,150
Actor_Siddharth,74
geneliad,117
FarOutAkhtar,225
sonakshisinha,86
HoeZaay,639
ImZaheer,138
iamnagarjuna,1
richyricha,63
virendersehwag,21
CarlyW226,1066
sreesanth36,165
ABdeVilliers17,235
realpreityzinta,72
priyankachopra,471
RanaDaggubati,219
akshaykumar,18
LaraDutta,61
YUVSTRONG12,314
sachin_rt,15
VJAnusha,239
RannvijaySingha,231
chetan_bhagat,142
shahidkapoor,106
deepikapadukone,72
iamsrk,78
Yana_tweep,13
Msaisasidhar,7
priyasvsstud,826
bharadwa2020,161
SrBachchan,995
venu210891,74
iHrithik,113
sandeepsk747,26
MTVIndia,376
aamir_khan,6
urstrulyMahesh,1
avrockstar00,117
udaybhargav,33
siZHky,845
karanpatel06,19
deepakntaurian,24
SRKOnline,34
ladygaga,131075
srisrujana,6
amithteja,11
geneliadesouza,14
Genielia,1148
devilrao,76
twitter,144
sorayadarabi,6887
brookeburke,227
petewentz,363
SarahBrownUK,13062
goldman,357
om,1209
cakewrecks,156
SHAQ,660
DellOutlet,29
AmyJoMartin,27582
KimKardashian,124
peterfacinelli,21
pennjillette,138
matisyahu,37
n2nbroadway,71
QueenRania,38
feliciaday,523
chriscornell,491
